m_mech_1,m_mech_2,m_mech_3
1.0,1.0,2.0
1.0,1.0,2.0
1.0,1.0,2.0
1.0,1.0,2.0
1.0,1.0,2.0
1.0,1.0,2.0
1.0,1.0,2.0
1.0,1.0,2.0
1.0,1.0,2.0
1.0,1.0,2.0
1.0,1.0,2.0
1.0,1.0,2.0
1.0,1.0,2.0
1.0,1.0,2.0
1.0,1.0,2.0
1.0,1.0,2.0
1.0,1.0,2.0
1.0,1.0,2.0
1.0,1.0,2.0
1.0,1.0,2.0
1.0,1.0,2.0
1.0,1.0,2.0
1.0,1.0,2.0
1.0,1.0,2.0
1.0,1.0,2.0
1.0,1.0,2.0
1.0,1.0,2.0
1.0,1.0,2.0
1.0,1.0,2.0
1.0,1.0,2.0
1.0,1.0,2.0
1.0,1.0,2.0
1.0,1.0,2.0
1.0,1.0,2.0
1.0,1.0,2.0
1.0,1.0,2.0
1.0,1.0,2.0
1.0,1.0,2.0
1.0,1.0,2.0
1.0,1.0,2.0
1.0,1.0,2.0
1.0,1.0,2.0
1.0,1.0,2.0
1.0,1.0,2.0
1.0,1.0,2.0
1.0,1.0,2.0
1.0,1.0,2.0
1.0,1.0,2.0
1.0,1.0,2.0
1.0,1.0,2.0
1.0,1.0,2.0
1.0,1.0,2.0
1.0,1.0,2.0
1.0,1.0,2.0
1.0,1.0,2.0
1.0,1.0,2.0
1.0,1.0,2.0
1.0,1.0,2.0
1.0,1.0,2.0
1.0,1.0,2.0
1.0,1.0,2.0
1.0,1.0,2.0
1.0,1.0,2.0
1.0,1.0,2.0
1.0,1.0,2.0
1.0,1.0,2.0
1.0,1.0,2.0
1.0,1.0,2.0
1.0,1.0,2.0
1.0,1.0,2.0
1.0,1.0,2.0
1.0,1.0,2.0
1.0,1.0,2.0
1.0,1.0,2.0
1.0,1.0,2.0
1.0,1.0,2.0
1.0,1.0,2.0
1.0,1.0,2.0
1.0,1.0,2.0
1.0,1.0,2.0
1.0,1.0,2.0
1.0,1.0,2.0
1.0,1.0,2.0
1.0,1.0,2.0
1.0,1.0,2.0
1.0,1.0,2.0
1.0,1.0,2.0
1.0,1.0,2.0
1.0,1.0,2.0
1.0,1.0,2.0
1.0,1.0,2.0
1.0,1.0,2.0
1.0,1.0,2.0
1.0,1.0,2.0
1.0,1.0,2.0
1.0,1.0,2.0
1.0,1.0,2.0
1.0,1.0,2.0
1.0,1.0,2.0
1.0,1.0,2.0
1.0,1.0,2.0
1.0,1.0,2.0
1.0,1.0,2.0
1.0,1.0,2.0
1.0,1.0,2.0
1.0,1.0,2.0
1.0,1.0,2.0
1.0,1.0,2.0
1.0,1.0,2.0
1.0,1.0,2.0
1.0,1.0,2.0
1.0,1.0,2.0
1.0,1.0,2.0
1.0,1.0,2.0
1.0,1.0,2.0
1.0,1.0,2.0
1.0,1.0,2.0
1.0,1.0,2.0
1.0,1.0,2.0
1.0,1.0,2.0
1.0,1.0,2.0
1.0,1.0,2.0
1.0,1.0,2.0
1.0,1.0,2.0
1.0,1.0,2.0
1.0,1.0,2.0
1.0,1.0,2.0
1.0,1.0,2.0
1.0,1.0,2.0
1.0,1.0,2.0
1.0,1.0,2.0
1.0,1.0,2.0
1.0,1.0,2.0
1.0,1.0,2.0
1.0,1.0,2.0
1.0,1.0,2.0
1.0,1.0,2.0
1.0,1.0,2.0
1.0,1.0,2.0
1.0,1.0,2.0
1.0,2.0,1.0
1.0,1.0,2.0
1.0,1.0,2.0
1.0,1.0,2.0
1.0,1.0,2.0
1.0,1.0,2.0
1.0,1.0,2.0
1.0,1.0,2.0
1.0,1.0,2.0
1.0,1.0,2.0
1.0,1.0,2.0
1.0,1.0,2.0
1.0,1.0,2.0
1.0,1.0,2.0
1.0,1.0,2.0
1.0,1.0,2.0
1.0,1.0,2.0
1.0,1.0,2.0
1.0,1.0,2.0
1.0,1.0,2.0
1.0,1.0,2.0
1.0,1.0,2.0
1.0,1.0,2.0
1.0,1.0,2.0
1.0,1.0,2.0
1.0,1.0,2.0
1.0,1.0,2.0
1.0,1.0,2.0
1.0,1.0,2.0
1.0,1.0,2.0
1.0,1.0,2.0
1.0,1.0,2.0
1.0,1.0,2.0
1.0,1.0,2.0
2.0,1.0,2.0
1.0,1.0,2.0
1.0,1.0,2.0
1.0,1.0,2.0
1.0,1.0,2.0
1.0,2.0,1.0
1.0,1.0,2.0
1.0,1.0,2.0
1.0,1.0,2.0
1.0,1.0,2.0
1.0,1.0,2.0
2.0,1.0,1.0
1.0,1.0,2.0
2.0,1.0,2.0
1.0,1.0,2.0
1.0,1.0,2.0
1.0,1.0,2.0
1.0,1.0,2.0
1.0,1.0,2.0
1.0,1.0,2.0
1.0,1.0,2.0
1.0,1.0,2.0
1.0,1.0,2.0
1.0,1.0,2.0
1.0,1.0,2.0
1.0,1.0,2.0
